id,plan_id,benefit_name,network_tier,copay_amount,coinsurance_rate,display_string,csr,created_at
141,11512NC0100031,Generic Drugs,In-Network,0.0,0.0,No Charge After Deductible,Exchange variant (no CSR),2026-09-28 08:02:34
142,11512NC0100031,Generic Drugs,Out-of-Network,0.0,0.0,No Charge After Deductible,Exchange variant (no CSR),2026-09-28 08:02:34
143,11512NC0100031,Specialist Visit,In-Network,0.0,0.0,No Charge After Deductible,Exchange variant (no CSR),2026-09-28 08:02:34
144,11512NC0100031,Specialist Visit,Out-of-Network,0.0,0.3,30% Coinsurance after deductible,Exchange variant (no CSR),2026-09-28 08:02:34
145,11512NC0100031,Emergency Room Services,In-Network,0.0,0.0,No Charge After Deductible,Exchange variant (no CSR),2026-09-28 08:02:34
146,11512NC0100031,Emergency Room Services,Out-of-Network,0.0,0.0,No Charge After Deductible,Exchange variant (no CSR),2026-09-28 08:02:34
147,11512NC0100031,Basic Dental Care - Child,In-Network,0.0,0.0,No Charge After Deductible,Exchange variant (no CSR),2026-09-28 08:02:34
148,11512NC0100031,Basic Dental Care - Child,Out-of-Network,0.0,0.3,30% Coinsurance after deductible,Exchange variant (no CSR),2026-09-28 08:02:34
149,11512NC0100031,Primary Care Visit to Treat an Injury or Illness,In-Network,35.0,0.0,$35,Exchange variant (no CSR),2026-09-28 08:02:34
150,11512NC0100031,Primary Care Visit to Treat an Injury or Illness,Out-of-Network,0.0,0.3,30% Coinsurance after deductible,Exchange variant (no CSR),2026-09-28 08:02:34
151,11512NC0100031,Dental Check-Up for Children,In-Network,0.0,0.0,No Charge After Deductible,Exchange variant (no CSR),2026-09-28 08:02:34
152,11512NC0100031,Dental Check-Up for Children,Out-of-Network,0.0,0.3,30% Coinsurance after deductible,Exchange variant (no CSR),2026-09-28 08:02:34
153,11512NC0100031,Major Dental Care - Child,In-Network,0.0,0.0,No Charge After Deductible,Exchange variant (no CSR),2026-09-28 08:02:34
154,11512NC0100031,Major Dental Care - Child,Out-of-Network,0.0,0.3,30% Coinsurance after deductible,Exchange variant (no CSR),2026-09-28 08:02:34
155,11512NC0060027,Primary Care Visit to Treat an Injury or Illness,In-Network,35.0,0.0,$35,Exchange variant (no CSR),2026-09-28 08:02:34
156,11512NC0060027,Primary Care Visit to Treat an Injury or Illness,Out-of-Network,0.0,0.3,30% Coinsurance after deductible,Exchange variant (no CSR),2026-09-28 08:02:34
157,11512NC0060027,Dental Check-Up for Children,In-Network,0.0,0.0,No Charge After Deductible,Exchange variant (no CSR),2026-09-28 08:02:34
158,11512NC0060027,Dental Check-Up for Children,Out-of-Network,0.0,0.3,30% Coinsurance after deductible,Exchange variant (no CSR),2026-09-28 08:02:34
159,11512NC0060027,Major Dental Care - Child,In-Network,0.0,0.0,No Charge After Deductible,Exchange variant (no CSR),2026-09-28 08:02:34
160,11512NC0060027,Major Dental Care - Child,Out-of-Network,0.0,0.3,30% Coinsurance after deductible,Exchange variant (no CSR),2026-09-28 08:02:34
161,11512NC0060027,Specialist Visit,In-Network,0.0,0.0,No Charge After Deductible,Exchange variant (no CSR),2026-09-28 08:02:34
162,11512NC0060027,Specialist Visit,Out-of-Network,0.0,0.3,30% Coinsurance after deductible,Exchange variant (no CSR),2026-09-28 08:02:34
163,11512NC0060027,Emergency Room Services,In-Network,0.0,0.0,No Charge After Deductible,Exchange variant (no CSR),2026-09-28 08:02:34
164,11512NC0060027,Emergency Room Services,Out-of-Network,0.0,0.0,No Charge After Deductible,Exchange variant (no CSR),2026-09-28 08:02:34
165,11512NC0060027,Basic Dental Care - Child,In-Network,0.0,0.0,No Charge After Deductible,Exchange variant (no CSR),2026-09-28 08:02:34
166,11512NC0060027,Basic Dental Care - Child,Out-of-Network,0.0,0.3,30% Coinsurance after deductible,Exchange variant (no CSR),2026-09-28 08:02:34
167,11512NC0060027,Generic Drugs,In-Network,0.0,0.0,No Charge After Deductible,Exchange variant (no CSR),2026-09-28 08:02:34
168,11512NC0060027,Generic Drugs,Out-of-Network,0.0,0.0,No Charge After Deductible,Exchange variant (no CSR),2026-09-28 08:02:34
169,11512NC0100001,Generic Drugs,In-Network,0.0,0.0,No Charge After Deductible,Exchange variant (no CSR),2026-09-28 08:02:34
170,11512NC0100001,Generic Drugs,Out-of-Network,0.0,0.0,No Charge After Deductible,Exchange variant (no CSR),2026-09-28 08:02:34
171,11512NC0100001,Specialist Visit,In-Network,0.0,0.0,No Charge After Deductible,Exchange variant (no CSR),2026-09-28 08:02:34
172,11512NC0100001,Specialist Visit,Out-of-Network,0.0,0.3,30% Coinsurance after deductible,Exchange variant (no CSR),2026-09-28 08:02:34
173,11512NC0100001,Emergency Room Services,In-Network,0.0,0.0,No Charge After Deductible,Exchange variant (no CSR),2026-09-28 08:02:34
174,11512NC0100001,Emergency Room Services,Out-of-Network,0.0,0.0,No Charge After Deductible,Exchange variant (no CSR),2026-09-28 08:02:34
175,11512NC0100001,Basic Dental Care - Child,In-Network,0.0,0.0,No Charge After Deductible,Exchange variant (no CSR),2026-09-28 08:02:34
176,11512NC0100001,Basic Dental Care - Child,Out-of-Network,0.0,0.3,30% Coinsurance after deductible,Exchange variant (no CSR),2026-09-28 08:02:34
177,11512NC0100001,Primary Care Visit to Treat an Injury or Illness,In-Network,0.0,0.0,No Charge After Deductible,Exchange variant (no CSR),2026-09-28 08:02:34
178,11512NC0100001,Primary Care Visit to Treat an Injury or Illness,Out-of-Network,0.0,0.3,30% Coinsurance after deductible,Exchange variant (no CSR),2026-09-28 08:02:34
179,11512NC0100001,Dental Check-Up for Children,In-Network,0.0,0.0,No Charge,Exchange variant (no CSR),2026-09-28 08:02:34
180,11512NC0100001,Dental Check-Up for Children,Out-of-Network,0.0,0.3,30% Coinsurance after deductible,Exchange variant (no CSR),2026-09-28 08:02:34
181,11512NC0100001,Major Dental Care - Child,In-Network,0.0,0.0,No Charge After Deductible,Exchange variant (no CSR),2026-09-28 08:02:34
182,11512NC0100001,Major Dental Care - Child,Out-of-Network,0.0,0.3,30% Coinsurance after deductible,Exchange variant (no CSR),2026-09-28 08:02:34
183,11512NC0100028,Specialist Visit,In-Network,0.0,0.0,No Charge After Deductible,Exchange variant (no CSR),2026-09-28 08:02:34
184,11512NC0100028,Specialist Visit,Out-of-Network,0.0,0.3,30% Coinsurance after deductible,Exchange variant (no CSR),2026-09-28 08:02:34
185,11512NC0100028,Emergency Room Services,In-Network,0.0,0.0,No Charge After Deductible,Exchange variant (no CSR),2026-09-28 08:02:34
186,11512NC0100028,Emergency Room Services,Out-of-Network,0.0,0.0,No Charge After Deductible,Exchange variant (no CSR),2026-09-28 08:02:34
187,11512NC0100028,Basic Dental Care - Child,In-Network,0.0,0.0,No Charge After Deductible,Exchange variant (no CSR),2026-09-28 08:02:34
188,11512NC0100028,Basic Dental Care - Child,Out-of-Network,0.0,0.3,30% Coinsurance after deductible,Exchange variant (no CSR),2026-09-28 08:02:34
189,11512NC0100028,Primary Care Visit to Treat an Injury or Illness,In-Network,0.0,0.0,No Charge After Deductible,Exchange variant (no CSR),2026-09-28 08:02:34
190,11512NC0100028,Primary Care Visit to Treat an Injury or Illness,Out-of-Network,0.0,0.3,30% Coinsurance after deductible,Exchange variant (no CSR),2026-09-28 08:02:34
191,11512NC0100028,Dental Check-Up for Children,In-Network,0.0,0.0,No Charge,Exchange variant (no CSR),2026-09-28 08:02:34
192,11512NC0100028,Dental Check-Up for Children,Out-of-Network,0.0,0.3,30% Coinsurance after deductible,Exchange variant (no CSR),2026-09-28 08:02:34
193,11512NC0100028,Major Dental Care - Child,In-Network,0.0,0.0,No Charge After Deductible,Exchange variant (no CSR),2026-09-28 08:02:34
194,11512NC0100028,Major Dental Care - Child,Out-of-Network,0.0,0.3,30% Coinsurance after deductible,Exchange variant (no CSR),2026-09-28 08:02:34
195,11512NC0100028,Generic Drugs,In-Network,0.0,0.0,No Charge After Deductible,Exchange variant (no CSR),2026-09-28 08:02:34
196,11512NC0100028,Generic Drugs,Out-of-Network,0.0,0.0,No Charge After Deductible,Exchange variant (no CSR),2026-09-28 08:02:34
197,11512NC0100053,Specialist Visit,In-Network,100.0,0.0,$100,Exchange variant (no CSR),2026-09-28 08:02:34
198,11512NC0100053,Specialist Visit,Out-of-Network,0.0,0.7,70% Coinsurance after deductible,Exchange variant (no CSR),2026-09-28 08:02:34
199,11512NC0100053,Emergency Room Services,In-Network,900.0,0.0,$900 Copay after deductible,Exchange variant (no CSR),2026-09-28 08:02:34
200,11512NC0100053,Emergency Room Services,Out-of-Network,900.0,0.0,$900 Copay after deductible,Exchange variant (no CSR),2026-09-28 08:02:34
201,11512NC0100053,Basic Dental Care - Child,In-Network,0.0,0.4,40% Coinsurance after deductible,Exchange variant (no CSR),2026-09-28 08:02:34
202,11512NC0100053,Basic Dental Care - Child,Out-of-Network,0.0,0.7,70% Coinsurance after deductible,Exchange variant (no CSR),2026-09-28 08:02:34
203,11512NC0100053,Primary Care Visit to Treat an Injury or Illness,In-Network,35.0,0.0,$35,Exchange variant (no CSR),2026-09-28 08:02:34
204,11512NC0100053,Primary Care Visit to Treat an Injury or Illness,Out-of-Network,0.0,0.7,70% Coinsurance after deductible,Exchange variant (no CSR),2026-09-28 08:02:34
205,11512NC0100053,Dental Check-Up for Children,In-Network,0.0,0.0,No Charge,Exchange variant (no CSR),2026-09-28 08:02:34
206,11512NC0100053,Dental Check-Up for Children,Out-of-Network,0.0,0.3,30% Coinsurance after deductible,Exchange variant (no CSR),2026-09-28 08:02:34
207,11512NC0100053,Major Dental Care - Child,In-Network,0.0,0.4,40% Coinsurance after deductible,Exchange variant (no CSR),2026-09-28 08:02:34
208,11512NC0100053,Major Dental Care - Child,Out-of-Network,0.0,0.7,70% Coinsurance after deductible,Exchange variant (no CSR),2026-09-28 08:02:34
209,11512NC0100053,Generic Drugs,In-Network,10.0,0.0,$10 Copay after deductible,Exchange variant (no CSR),2026-09-28 08:02:34
210,11512NC0100053,Generic Drugs,Out-of-Network,10.0,0.0,$10 Copay after deductible,Exchange variant (no CSR),2026-09-28 08:02:34
211,11512NC0060034,Generic Drugs,In-Network,0.0,0.0,No Charge After Deductible,Exchange variant (no CSR),2026-09-28 08:02:34
212,11512NC0060034,Generic Drugs,Out-of-Network,0.0,0.0,No Charge After Deductible,Exchange variant (no CSR),2026-09-28 08:02:34
213,11512NC0060034,Specialist Visit,In-Network,0.0,0.0,No Charge After Deductible,Exchange variant (no CSR),2026-09-28 08:02:34
214,11512NC0060034,Specialist Visit,Out-of-Network,0.0,0.3,30% Coinsurance after deductible,Exchange variant (no CSR),2026-09-28 08:02:34
215,11512NC0060034,Emergency Room Services,In-Network,0.0,0.0,No Charge After Deductible,Exchange variant (no CSR),2026-09-28 08:02:34
216,11512NC0060034,Emergency Room Services,Out-of-Network,0.0,0.0,No Charge After Deductible,Exchange variant (no CSR),2026-09-28 08:02:34
217,11512NC0060034,Basic Dental Care - Child,In-Network,0.0,0.0,No Charge After Deductible,Exchange variant (no CSR),2026-09-28 08:02:34
218,11512NC0060034,Basic Dental Care - Child,Out-of-Network,0.0,0.3,30% Coinsurance after deductible,Exchange variant (no CSR),2026-09-28 08:02:34
219,11512NC0060034,Primary Care Visit to Treat an Injury or Illness,In-Network,0.0,0.0,No Charge After Deductible,Exchange variant (no CSR),2026-09-28 08:02:34
220,11512NC0060034,Primary Care Visit to Treat an Injury or Illness,Out-of-Network,0.0,0.3,30% Coinsurance after deductible,Exchange variant (no CSR),2026-09-28 08:02:34
221,11512NC0060034,Dental Check-Up for Children,In-Network,0.0,0.0,No Charge,Exchange variant (no CSR),2026-09-28 08:02:34
222,11512NC0060034,Dental Check-Up for Children,Out-of-Network,0.0,0.3,30% Coinsurance after deductible,Exchange variant (no CSR),2026-09-28 08:02:34
223,11512NC0060034,Major Dental Care - Child,In-Network,0.0,0.0,No Charge After Deductible,Exchange variant (no CSR),2026-09-28 08:02:34
224,11512NC0060034,Major Dental Care - Child,Out-of-Network,0.0,0.3,30% Coinsurance after deductible,Exchange variant (no CSR),2026-09-28 08:02:34
225,11512NC0060024,Generic Drugs,In-Network,0.0,0.0,No Charge After Deductible,Exchange variant (no CSR),2026-09-28 08:02:34
226,11512NC0060024,Generic Drugs,Out-of-Network,0.0,0.0,No Charge After Deductible,Exchange variant (no CSR),2026-09-28 08:02:34
227,11512NC0060024,Specialist Visit,In-Network,0.0,0.0,No Charge After Deductible,Exchange variant (no CSR),2026-09-28 08:02:34
228,11512NC0060024,Specialist Visit,Out-of-Network,0.0,0.3,30% Coinsurance after deductible,Exchange variant (no CSR),2026-09-28 08:02:34
229,11512NC0060024,Emergency Room Services,In-Network,0.0,0.0,No Charge After Deductible,Exchange variant (no CSR),2026-09-28 08:02:34
230,11512NC0060024,Emergency Room Services,Out-of-Network,0.0,0.0,No Charge After Deductible,Exchange variant (no CSR),2026-09-28 08:02:34
231,11512NC0060024,Basic Dental Care - Child,In-Network,0.0,0.0,No Charge After Deductible,Exchange variant (no CSR),2026-09-28 08:02:34
232,11512NC0060024,Basic Dental Care - Child,Out-of-Network,0.0,0.3,30% Coinsurance after deductible,Exchange variant (no CSR),2026-09-28 08:02:34
233,11512NC0060024,Primary Care Visit to Treat an Injury or Illness,In-Network,0.0,0.0,No Charge After Deductible,Exchange variant (no CSR),2026-09-28 08:02:34
234,11512NC0060024,Primary Care Visit to Treat an Injury or Illness,Out-of-Network,0.0,0.3,30% Coinsurance after deductible,Exchange variant (no CSR),2026-09-28 08:02:34
235,11512NC0060024,Dental Check-Up for Children,In-Network,0.0,0.0,No Charge,Exchange variant (no CSR),2026-09-28 08:02:34
236,11512NC0060024,Dental Check-Up for Children,Out-of-Network,0.0,0.3,30% Coinsurance after deductible,Exchange variant (no CSR),2026-09-28 08:02:34
237,11512NC0060024,Major Dental Care - Child,In-Network,0.0,0.0,No Charge After Deductible,Exchange variant (no CSR),2026-09-28 08:02:34
238,11512NC0060024,Major Dental Care - Child,Out-of-Network,0.0,0.3,30% Coinsurance after deductible,Exchange variant (no CSR),2026-09-28 08:02:34
239,11512NC0060031,Specialist Visit,In-Network,100.0,0.0,$100,Exchange variant (no CSR),2026-09-28 08:02:34
240,11512NC0060031,Specialist Visit,Out-of-Network,0.0,0.7,70% Coinsurance after deductible,Exchange variant (no CSR),2026-09-28 08:02:34
241,11512NC0060031,Emergency Room Services,In-Network,900.0,0.0,$900 Copay after deductible,Exchange variant (no CSR),2026-09-28 08:02:34
242,11512NC0060031,Emergency Room Services,Out-of-Network,900.0,0.0,$900 Copay after deductible,Exchange variant (no CSR),2026-09-28 08:02:34
243,11512NC0060031,Basic Dental Care - Child,In-Network,0.0,0.4,40% Coinsurance after deductible,Exchange variant (no CSR),2026-09-28 08:02:34
244,11512NC0060031,Basic Dental Care - Child,Out-of-Network,0.0,0.7,70% Coinsurance after deductible,Exchange variant (no CSR),2026-09-28 08:02:34
245,11512NC0060031,Primary Care Visit to Treat an Injury or Illness,In-Network,35.0,0.0,$35,Exchange variant (no CSR),2026-09-28 08:02:34
246,11512NC0060031,Primary Care Visit to Treat an Injury or Illness,Out-of-Network,0.0,0.7,70% Coinsurance after deductible,Exchange variant (no CSR),2026-09-28 08:02:34
247,11512NC0060031,Dental Check-Up for Children,In-Network,0.0,0.0,No Charge,Exchange variant (no CSR),2026-09-28 08:02:34
248,11512NC0060031,Dental Check-Up for Children,Out-of-Network,0.0,0.3,30% Coinsurance after deductible,Exchange variant (no CSR),2026-09-28 08:02:34
249,11512NC0060031,Major Dental Care - Child,In-Network,0.0,0.4,40% Coinsurance after deductible,Exchange variant (no CSR),2026-09-28 08:02:34
250,11512NC0060031,Major Dental Care - Child,Out-of-Network,0.0,0.7,70% Coinsurance after deductible,Exchange variant (no CSR),2026-09-28 08:02:34
251,11512NC0060031,Generic Drugs,In-Network,10.0,0.0,$10 Copay after deductible,Exchange variant (no CSR),2026-09-28 08:02:34
252,11512NC0060031,Generic Drugs,Out-of-Network,10.0,0.0,$10 Copay after deductible,Exchange variant (no CSR),2026-09-28 08:02:34
253,11512NC0100032,Specialist Visit,In-Network,90.0,0.0,$90,Exchange variant (no CSR),2026-09-28 08:02:34
254,11512NC0100032,Specialist Visit,Out-of-Network,0.0,0.7,70% Coinsurance after deductible,Exchange variant (no CSR),2026-09-28 08:02:34
255,11512NC0100032,Emergency Room Services,In-Network,900.0,0.0,$900 Copay after deductible,Exchange variant (no CSR),2026-09-28 08:02:34
256,11512NC0100032,Emergency Room Services,Out-of-Network,900.0,0.0,$900 Copay after deductible,Exchange variant (no CSR),2026-09-28 08:02:34
257,11512NC0100032,Basic Dental Care - Child,In-Network,0.0,0.4,40% Coinsurance after deductible,Exchange variant (no CSR),2026-09-28 08:02:34
258,11512NC0100032,Basic Dental Care - Child,Out-of-Network,0.0,0.7,70% Coinsurance after deductible,Exchange variant (no CSR),2026-09-28 08:02:34
259,11512NC0100032,Primary Care Visit to Treat an Injury or Illness,In-Network,30.0,0.0,$30,Exchange variant (no CSR),2026-09-28 08:02:34
260,11512NC0100032,Primary Care Visit to Treat an Injury or Illness,Out-of-Network,0.0,0.7,70% Coinsurance after deductible,Exchange variant (no CSR),2026-09-28 08:02:34
261,11512NC0100032,Dental Check-Up for Children,In-Network,0.0,0.0,No Charge,Exchange variant (no CSR),2026-09-28 08:02:34
262,11512NC0100032,Dental Check-Up for Children,Out-of-Network,0.0,0.3,30% Coinsurance after deductible,Exchange variant (no CSR),2026-09-28 08:02:34
263,11512NC0100032,Major Dental Care - Child,In-Network,0.0,0.4,40% Coinsurance after deductible,Exchange variant (no CSR),2026-09-28 08:02:34
264,11512NC0100032,Major Dental Care - Child,Out-of-Network,0.0,0.7,70% Coinsurance after deductible,Exchange variant (no CSR),2026-09-28 08:02:34
265,11512NC0100032,Generic Drugs,In-Network,10.0,0.0,$10 Copay after deductible,Exchange variant (no CSR),2026-09-28 08:02:34
266,11512NC0100032,Generic Drugs,Out-of-Network,10.0,0.0,$10 Copay after deductible,Exchange variant (no CSR),2026-09-28 08:02:34
267,11512NC0100024,Generic Drugs,In-Network,10.0,0.0,$10 Copay after deductible,Exchange variant (no CSR),2026-09-28 08:02:34
268,11512NC0100024,Generic Drugs,Out-of-Network,10.0,0.0,$10 Copay after deductible,Exchange variant (no CSR),2026-09-28 08:02:34
269,11512NC0100024,Primary Care Visit to Treat an Injury or Illness,In-Network,10.0,0.0,$10,Exchange variant (no CSR),2026-09-28 08:02:34
270,11512NC0100024,Primary Care Visit to Treat an Injury or Illness,Out-of-Network,0.0,0.6,60% Coinsurance after deductible,Exchange variant (no CSR),2026-09-28 08:02:34
271,11512NC0100024,Dental Check-Up for Children,In-Network,0.0,0.0,No Charge,Exchange variant (no CSR),2026-09-28 08:02:34
272,11512NC0100024,Dental Check-Up for Children,Out-of-Network,0.0,0.3,30% Coinsurance after deductible,Exchange variant (no CSR),2026-09-28 08:02:34
273,11512NC0100024,Major Dental Care - Child,In-Network,0.0,0.3,30% Coinsurance after deductible,Exchange variant (no CSR),2026-09-28 08:02:34
274,11512NC0100024,Major Dental Care - Child,Out-of-Network,0.0,0.6,60% Coinsurance after deductible,Exchange variant (no CSR),2026-09-28 08:02:34
275,11512NC0100024,Specialist Visit,In-Network,40.0,0.0,$40,Exchange variant (no CSR),2026-09-28 08:02:34
276,11512NC0100024,Specialist Visit,Out-of-Network,0.0,0.6,60% Coinsurance after deductible,Exchange variant (no CSR),2026-09-28 08:02:34
277,11512NC0100024,Emergency Room Services,In-Network,600.0,0.0,$600 Copay after deductible,Exchange variant (no CSR),2026-09-28 08:02:34
278,11512NC0100024,Emergency Room Services,Out-of-Network,600.0,0.0,$600 Copay after deductible,Exchange variant (no CSR),2026-09-28 08:02:34
279,11512NC0100024,Basic Dental Care - Child,In-Network,0.0,0.3,30% Coinsurance after deductible,Exchange variant (no CSR),2026-09-28 08:02:34
280,11512NC0100024,Basic Dental Care - Child,Out-of-Network,0.0,0.6,60% Coinsurance after deductible,Exchange variant (no CSR),2026-09-28 08:02:34
