id,plan_id,issuer_id,name,state,toll_free,created_at
11,11512NC0100031,11512,Blue Cross and Blue Shield of NC,NC,1-888-868-5594,2026-09-16 07:02:20
12,11512NC0060027,11512,Blue Cross and Blue Shield of NC,NC,1-888-868-5594,2026-09-16 07:02:20
13,11512NC0100001,11512,Blue Cross and Blue Shield of NC,NC,1-888-868-5594,2026-09-16 07:02:20
14,11512NC0100028,11512,Blue Cross and Blue Shield of NC,NC,1-888-868-5594,2026-09-16 07:02:20
15,11512NC0100053,11512,Blue Cross and Blue Shield of NC,NC,1-888-868-5594,2026-09-16 07:02:20
16,11512NC0060034,11512,Blue Cross and Blue Shield of NC,NC,1-888-868-5594,2026-09-16 07:02:20
17,11512NC0060024,11512,Blue Cross and Blue Shield of NC,NC,1-888-868-5594,2026-09-16 07:02:20
18,11512NC0060031,11512,Blue Cross and Blue Shield of NC,NC,1-888-868-5594,2026-09-16 07:02:20
19,11512NC0100032,11512,Blue Cross and Blue Shield of NC,NC,1-888-868-5594,2026-09-16 07:02:20
20,11512NC0100024,11512,Blue Cross and Blue Shield of NC,NC,1-888-868-5594,2026-09-16 07:02:20
